1	2	Medellín	05001	12601
2	2	Abejorral	05002	12533
3	2	Abriaquí	05004	12534
4	2	Alejandría	05021	12535
5	2	Amagá	05030	12536
6	2	Amalfi	05031	12537
7	2	Andes	05034	12538
8	2	Angelópolis	05036	12539
9	2	Angostura	05038	12540
10	2	Anorí	05040	12541
11	2	Santa Fé De Antioquia	05042	12723
12	2	Anzá	05044	12543
13	2	Apartadó	05045	12544
14	2	Arboletes	05051	12545
15	2	Argelia	05055	12920
16	2	Armenia	05059	13337
17	2	Barbosa	05079	13366
18	2	Belmira	05086	12550
19	2	Bello	05088	12549
20	2	Betania	05091	12551
21	2	Betulia	05093	13369
22	2	Ciudad Bolívar 	05101	12568
23	2	Briceño	05107	12742
24	2	Buriticá	05113	12555
25	2	Cáceres	05120	12556
26	2	Caicedo	05125	12557
27	2	Caldas	05129	12745
28	2	Campamento	05134	12559
29	2	Cañasgordas	05138	12992
30	2	Caracolí	05142	12561
31	2	Caramanta	05145	12562
32	2	Carepa	05147	12563
33	2	El Carmen De Viboral	05148	12564
34	2	Carolina	05150	12565
35	2	Caucasia	05154	12566
36	2	Chigorodó	05172	12567
37	2	Cisneros	05190	12568
38	2	Cocorná	05197	12569
39	2	Concepción	05206	13383
40	2	Concordia	05209	13207
41	2	Copacabana	05212	12572
42	2	Dabeiba	05234	12573
43	2	Donmatías	05237	12574
44	2	Ebéjico	05240	12575
45	2	El Bagre 	05250	12576
46	2	Entrerríos	05264	12577
47	2	Envigado	05266	12578
48	2	Fredonia	05282	12579
49	2	Frontino	05284	12580
50	2	Giraldo	05306	12581
51	2	Girardota	05308	12582
52	2	Gómez Plata 	05310	12583
53	2	Granada	05313	13241
54	2	Guadalupe	05315	13400
55	2	Guarne	05318	12586
56	2	Guatapé	05321	12587
57	2	Heliconia	05347	12588
58	2	Hispania	05353	12589
59	2	Itagüí	05360	12590
60	2	Ituango	05361	12591
61	2	Jardín	05364	12592
62	2	Jericó	05368	12778
63	2	La Ceja 	05376	12594
64	2	La Estrella 	05380	12595
65	2	La Pintada 	05390	12596
66	2	La Unión 	05400	12597
67	2	Liborina	05411	12598
68	2	Maceo	05425	12599
69	2	Marinilla	05440	12600
70	2	Montebello	05467	12602
71	2	Murindó	05475	12603
72	2	Mutatá	05480	12604
73	2	Nariño	05483	13298
74	2	Necoclí	05490	12607
75	2	Nechí	05495	12606
76	2	Olaya	05501	12608
77	2	Peñol	05541	12609
78	2	Peque	05543	12610
79	2	Pueblorrico	05576	12611
80	2	Puerto Berrío 	05579	12612
81	2	Puerto Nare 	05585	12613
82	2	Puerto Triunfo 	05591	12614
83	2	Remedios	05604	12615
84	2	Retiro	05607	12616
85	2	Rionegro	05615	12617
86	2	Sabanalarga	05628	12911
87	2	Sabaneta	05631	12619
88	2	Salgar	05642	12620
89	2	San Andrés De Cuerquía	05647	13430
90	2	San Carlos 	05649	13039
91	2	San Francisco 	05652	13331
92	2	San Jerónimo 	05656	12624
93	2	San José De La Montaña 	05658	12625
94	2	San Juan De Urabá	05659	12626
95	2	San Luis 	05660	13515
96	2	San Pedro De Los Milagros 	05664	12628
97	2	San Pedro De Urabá	05665	12629
98	2	San Rafael 	05667	12630
99	2	San Roque 	05670	12631
100	2	San Vicente Ferrer	05674	12896
101	2	Santa Bárbara 	05679	13437
102	2	Santa Rosa De Osos	05686	12634
103	2	Santo Domingo 	05690	12635
104	2	El Santuario 	05697	12636
105	2	Segovia	05736	12637
106	2	Sonsón	05756	12638
107	2	Sopetrán	05761	12639
108	2	Támesis	05789	12640
109	2	Tarazá	05790	12641
110	2	Tarso	05792	12642
111	2	Titiribí	05809	12643
112	2	Toledo	05819	12644
113	2	Turbo	05837	12645
114	2	Uramita	05842	12646
115	2	Urrao	05847	12647
116	2	Valdivia	05854	12648
117	2	Valparaíso	05856	12899
118	2	Vegachí	05858	12650
119	2	Venecia	05861	12651
120	2	Vigía Del Fuerte	05873	12652
121	2	Yalí	05885	12653
122	2	Yarumal	05887	12654
123	2	Yolombó	05890	12655
124	2	Yondó	05893	12656
125	2	Zaragoza	05895	12657
126	4	Barranquilla	08001	12666
127	4	Baranoa	08078	12665
128	4	Campo De La Cruz	08137	12667
129	4	Candelaria	08141	12668
130	4	Galapa	08296	12669
131	4	Juan De Acosta	08372	12670
132	4	Luruaco	08421	12671
133	4	Malambo	08433	12672
134	4	Manatí	08436	12673
135	4	Palmar De Varela	08520	12674
136	4	Piojó	08549	12675
137	4	Polonuevo	08558	12676
138	4	Ponedera	08560	12677
139	4	Puerto Colombia 	08573	12678
140	4	Repelón	08606	12679
141	4	Sabanagrande	08634	12680
142	4	Sabanalarga	08638	12911
143	4	Santa Lucía 	08675	12682
144	4	Santo Tomás 	08685	12683
145	4	Soledad	08758	12684
146	4	Suan	08770	12685
147	4	Tubará	08832	12686
148	4	Usiacurí	08849	12687
149	5	Bogotá, D.c. 	11001	12688
150	6	Cartagena De Indias	13001	12697
151	6	Achí	13006	12689
152	6	Altos Del Rosario	13030	12690
153	6	Arenal	13042	12691
154	6	Arjona	13052	12692
155	6	Arroyohondo	13062	12693
156	6	Barranco De Loba	13074	12694
157	6	Calamar	13140	13160
158	6	Cantagallo	13160	12696
159	6	Cicuco	13188	12698
160	6	Córdoba	13212	13341
161	6	Clemencia	13222	12699
162	6	El Carmen De Bolívar	13244	12701
163	6	El Guamo 	13248	12702
164	6	El Peñón 	13268	13390
165	6	Hatillo De Loba	13300	12704
166	6	Magangué	13430	12705
167	6	Mahates	13433	12706
168	6	Margarita	13440	12707
169	6	María La Baja	13442	12708
170	6	Montecristo	13458	12710
171	6	Mompós	13468	12709
172	6	Morales	13473	12711
173	6	Norosí	13490	12871
174	6	Pinillos	13549	12712
175	6	Regidor	13580	12713
176	6	Río Viejo 	13600	12714
177	6	San Cristóbal 	13620	12715
178	6	San Estanislao 	13647	12716
179	6	San Fernando 	13650	12717
180	6	San Jacinto 	13654	12718
181	6	San Jacinto Del Cauca	13655	12719
182	6	San Juan Nepomuceno	13657	12720
183	6	San Martín De Loba	13667	12721
184	6	San Pablo 	13670	12722
185	6	Santa Catalina 	13673	12723
186	6	Santa Rosa 	13683	12949
187	6	Santa Rosa Del Sur	13688	12725
188	6	Simití	13744	12726
189	6	Soplaviento	13760	12727
190	6	Talaigua Nuevo 	13780	12728
191	6	Tiquisio	13810	12729
192	6	Turbaco	13836	12730
193	6	Turbaná	13838	12731
194	6	Villanueva	13873	13448
195	6	Zambrano	13894	12733
196	7	Tunja	15001	12848
197	7	Almeida	15022	12734
198	7	Aquitania	15047	12735
199	7	Arcabuco	15051	12736
200	7	Belén	15087	13265
201	7	Berbeo	15090	12738
202	7	Betéitiva	15092	12739
203	7	Boavita	15097	12740
204	7	Boyacá	15104	12741
205	7	Briceño	15106	12742
206	7	Buenavista	15109	13450
207	7	Busbanzá	15114	12744
208	7	Caldas	15131	12745
209	7	Campohermoso	15135	12746
210	7	Cerinza	15162	12747
211	7	Chinavita	15172	12748
212	7	Chiquinquirá	15176	12749
213	7	Chiscas	15180	12751
214	7	Chita	15183	12752
215	7	Chitaraque	15185	12753
216	7	Chivatá	15187	12754
217	7	Ciénega	15189	12756
218	7	Cómbita	15204	12757
219	7	Coper	15212	12758
220	7	Corrales	15215	12759
221	7	Covarachía	15218	12760
222	7	Cubará	15223	12761
223	7	Cucaita	15224	12762
224	7	Cuítiva	15226	12763
225	7	Chíquiza	15232	12750
226	7	Chivor	15236	12755
227	7	Duitama	15238	12764
228	7	El Cocuy 	15244	12765
229	7	El Espino 	15248	12766
230	7	Firavitoba	15272	12767
231	7	Floresta	15276	12768
232	7	Gachantivá	15293	12769
233	7	Gámeza	15296	12770
234	7	Garagoa	15299	12771
235	7	Guacamayas	15317	12772
236	7	Guateque	15322	12773
237	7	Guayatá	15325	12774
238	7	Güicán De La Sierra	15332	12775
239	7	Iza	15362	12776
240	7	Jenesano	15367	12777
241	7	Jericó	15368	12778
242	7	Labranzagrande	15377	12782
243	7	La Capilla 	15380	12779
244	7	La Victoria 	15401	12781
245	7	La Uvita 	15403	12780
246	7	Villa De Leyva	15407	12652
247	7	Macanal	15425	12784
248	7	Maripí	15442	12785
249	7	Miraflores	15455	13162
250	7	Mongua	15464	12787
251	7	Monguí	15466	12788
252	7	Moniquirá	15469	12789
253	7	Motavita	15476	12790
254	7	Muzo	15480	12791
255	7	Nobsa	15491	12792
256	7	Nuevo Colón 	15494	12793
257	7	Oicatá	15500	12794
258	7	Otanche	15507	12795
259	7	Pachavita	15511	12796
260	7	Páez	15514	12941
261	7	Paipa	15516	12798
262	7	Pajarito	15518	12799
263	7	Panqueba	15522	12800
264	7	Pauna	15531	12801
265	7	Paya	15533	12802
266	7	Paz De Río	15537	12908
267	7	Pesca	15542	12804
268	7	Pisba	15550	12805
269	7	Puerto Boyacá 	15572	12806
270	7	Quípama	15580	12807
271	7	Ramiriquí	15599	12808
272	7	Ráquira	15600	12809
273	7	Rondón	15621	12810
274	7	Saboyá	15632	12811
275	7	Sáchica	15638	12812
276	7	Samacá	15646	12813
277	7	San Eduardo 	15660	12814
278	7	San José De Pare	15664	12815
279	7	San Luis De Gaceno	15667	12816
280	7	San Mateo 	15673	12817
281	7	San Miguel De Sema	15676	12818
282	7	San Pablo De Borbur	15681	12819
283	7	Santana	15686	12823
284	7	Santa María 	15690	13192
285	7	Santa Rosa De Viterbo	15693	12821
286	7	Santa Sofía 	15696	12822
287	7	Sativanorte	15720	12824
288	7	Sativasur	15723	12825
289	7	Siachoque	15740	12826
290	7	Soatá	15753	12827
291	7	Socotá	15755	12829
292	7	Socha	15757	12828
293	7	Sogamoso	15759	12830
294	7	Somondoco	15761	12831
295	7	Sora	15762	12832
296	7	Sotaquirá	15763	12834
297	7	Soracá	15764	12833
298	7	Susacón	15774	12835
299	7	Sutamarchán	15776	12836
300	7	Sutatenza	15778	12837
301	7	Tasco	15790	12838
302	7	Tenza	15798	12839
303	7	Tibaná	15804	12840
304	7	Tibasosa	15806	12841
305	7	Tinjacá	15808	12842
306	7	Tipacoque	15810	12843
307	7	Toca	15814	12844
308	7	Togüí	15816	12845
309	7	Tópaga	15820	12846
310	7	Tota	15822	12847
311	7	Tununguá	15832	12849
312	7	Turmequé	15835	12850
313	7	Tuta	15837	12851
314	7	Tutazá	15839	12852
315	7	Úmbita	15842	12853
316	7	Ventaquemada	15861	12854
317	7	Viracachá	15879	12855
318	7	Zetaquira	15897	12856
319	8	Manizales	17001	12865
320	8	Aguadas	17013	12857
321	8	Anserma	17042	12858
322	8	Aranzazu	17050	12859
323	8	Belalcázar	17088	12860
324	8	Chinchiná	17174	12861
325	8	Filadelfia	17272	12862
326	8	La Dorada 	17380	12863
327	8	La Merced 	17388	12864
328	8	Manzanares	17433	12866
329	8	Marmato	17442	12867
330	8	Marquetalia	17444	12868
331	8	Marulanda	17446	12869
332	8	Neira	17486	12870
333	8	Norcasia	17495	12871
334	8	Pácora	17513	12872
335	8	Palestina	17524	12873
336	8	Pensilvania	17541	12874
337	8	Riosucio	17614	13009
338	8	Risaralda	17616	12876
339	8	Salamina	17653	12877
340	8	Samaná	17662	12878
341	8	San José 	17665	12879
342	8	Supía	17777	12880
343	8	Victoria	17867	12881
344	8	Villamaría	17873	12882
345	8	Viterbo	17877	12883
346	9	Florencia	18001	12890
347	9	Albania	18029	13364
348	9	Belén De Los Andaquíes	18094	12885
349	9	Cartagena Del Chairá	18150	12886
350	9	Curillo	18205	12887
351	9	El Doncello 	18247	12888
352	9	El Paujíl 	18256	12889
353	9	La Montañita 	18410	12891
354	9	Milán	18460	12892
355	9	Morelia	18479	12893
356	9	Puerto Rico 	18592	13252
357	9	San José Del Fragua	18610	12815
358	9	San Vicente Del Caguán	18753	12896
359	9	Solano	18756	12897
360	9	Solita	18785	12898
361	9	Valparaíso	18860	12899
362	11	Popayán	19001	12944
363	11	Almaguer	19022	12919
364	11	Argelia	19050	12920
365	11	Balboa	19075	13350
366	11	Bolívar	19100	13370
367	11	Buenos Aires 	19110	12923
368	11	Cajibío	19130	12924
369	11	Caldono	19137	12925
370	11	Caloto	19142	12926
371	11	Corinto	19212	12927
372	11	El Tambo 	19256	13279
373	11	Florencia	19290	12930
374	11	Guachené	19300	12772
375	11	Guapí	19318	12931
376	11	Inzá	19355	12932
377	11	Jambaló	19364	12933
378	11	La Sierra 	19392	12934
379	11	La Vega 	19397	13094
380	11	López De Micay	19418	12936
381	11	Mercaderes	19450	12937
382	11	Miranda	19455	12938
383	11	Morales	19473	12939
384	11	Padilla	19513	12940
385	11	Páez	19517	12941
386	11	Patía	19532	13301
387	11	Piamonte	19533	12942
388	11	Piendamó - Tunía	19548	12943
389	11	Puerto Tejada 	19573	12945
390	11	Puracé	19585	12946
391	11	Rosas	19622	12947
392	11	San Sebastián 	19693	13222
393	11	Santander De Quilichao	19698	12950
394	11	Santa Rosa 	19701	12949
395	11	Silvia	19743	12951
396	11	Sotara	19760	12952
397	11	Suárez	19780	13517
398	11	Sucre	19785	13472
399	11	Timbío	19807	12955
400	11	Timbiquí	19809	12956
401	11	Toribío	19821	12957
402	11	Totoró	19824	12958
403	11	Villa Rica 	19845	12959
404	12	Valledupar	20001	12984
405	12	Aguachica	20011	12960
406	12	Agustín Codazzi 	20013	12961
407	12	Astrea	20032	12962
408	12	Becerril	20045	12963
409	12	Bosconia	20060	12964
410	12	Chimichagua	20175	12965
411	12	Chiriguaná	20178	12966
412	12	Curumaní	20228	12967
413	12	El Copey 	20238	12968
414	12	El Paso 	20250	12969
415	12	Gamarra	20295	12970
416	12	González	20310	12971
417	12	La Gloria 	20383	12972
418	12	La Jagua De Ibirico	20400	12972
419	12	Manaure Balcón Del Cesar	20443	12974
420	12	Pailitas	20517	12975
421	12	Pelaya	20550	12976
422	12	Pueblo Bello 	20570	12977
423	12	Río De Oro	20614	12978
424	12	La Paz 	20621	13408
425	12	San Alberto 	20710	12980
426	12	San Diego 	20750	12981
427	12	San Martín 	20770	12982
428	12	Tamalameque	20787	12983
429	14	Montería	23001	13029
430	14	Ayapel	23068	13015
431	14	Buenavista	23079	13016
432	14	Canalete	23090	13017
433	14	Cereté	23162	13018
434	14	Chimá	23168	13380
435	14	Chinú	23182	13020
436	14	Ciénaga De Oro	23189	13021
437	14	Cotorra	23300	13022
438	14	La Apartada 	23350	13023
439	14	Lorica	23417	13024
440	14	Los Córdobas 	23419	13025
441	14	Momil	23464	13026
442	14	Montelíbano	23466	13028
443	14	Moñitos	23500	13027
444	14	Planeta Rica 	23555	13030
445	14	Pueblo Nuevo 	23570	13031
446	14	Puerto Escondido 	23574	13032
447	14	Puerto Libertador 	23580	13033
448	14	Purísima De La Concepción	23586	13034
449	14	Sahagún	23660	13035
450	14	San Andrés De Sotavento	23670	13430
451	14	San Antero 	23672	13037
452	14	San Bernardo Del Viento	23675	13311
453	14	San Carlos 	23678	13039
454	14	San José De Uré	23682	12815
455	14	San Pelayo 	23686	13040
456	14	Tierralta	23807	13041
457	14	Tuchín	23815	12686
458	14	Valencia	23855	13042
459	15	Agua De Dios	25001	13043
460	15	Albán	25019	13260
461	15	Anapoima	25035	13045
462	15	Anolaima	25040	13046
463	15	Arbeláez	25053	13047
464	15	Beltrán	25086	13048
465	15	Bituima	25095	13049
466	15	Bojacá	25099	13050
467	15	Cabrera	25120	13372
468	15	Cachipay	25123	13052
469	15	Cajicá	25126	13053
470	15	Caparrapí	25148	13054
471	15	Cáqueza	25151	13055
472	15	Carmen De Carupa	25154	13056
473	15	Chaguaní	25168	13057
474	15	Chía	25175	13058
475	15	Chipaque	25178	13059
476	15	Choachí	25181	13060
477	15	Chocontá	25183	13061
478	15	Cogua	25200	13062
479	15	Cota	25214	13063
480	15	Cucunubá	25224	13064
481	15	El Colegio 	25245	13065
482	15	El Peñón 	25258	13390
483	15	El Rosal 	25260	13067
484	15	Facatativá	25269	13068
485	15	Fómeque	25279	13069
486	15	Fosca	25281	13070
487	15	Funza	25286	13071
488	15	Fúquene	25288	13072
489	15	Fusagasugá	25290	13073
490	15	Gachalá	25293	13074
491	15	Gachancipá	25295	13075
492	15	Gachetá	25297	13076
493	15	Gama	25299	13077
494	15	Girardot	25307	13078
495	15	Granada	25312	13241
496	15	Guachetá	25317	13080
497	15	Guaduas	25320	13081
498	15	Guasca	25322	13082
499	15	Guataquí	25324	13083
500	15	Guatavita	25326	13084
501	15	Guayabal De Síquima	25328	13085
502	15	Guayabetal	25335	13086
503	15	Gutiérrez	25339	13087
504	15	Jerusalén	25368	13088
505	15	Junín	25372	13089
506	15	La Calera 	25377	13090
507	15	La Mesa 	25386	13091
508	15	La Palma 	25394	13092
509	15	La Peña 	25398	13093
510	15	La Vega 	25402	13094
511	15	Lenguazaque	25407	13095
512	15	Machetá	25426	13096
513	15	Madrid	25430	13097
514	15	Manta	25436	13098
515	15	Medina	25438	13099
516	15	Mosquera	25473	13100
517	15	Nariño	25483	13298
518	15	Nemocón	25486	13102
519	15	Nilo	25488	13103
520	15	Nimaima	25489	13104
521	15	Nocaima	25491	13105
522	15	Venecia	25506	12651
523	15	Pacho	25513	13107
524	15	Paime	25518	13108
525	15	Pandi	25524	13109
526	15	Paratebueno	25530	13110
527	15	Pasca	25535	13111
528	15	Puerto Salgar 	25572	13112
529	15	Pulí	25580	13113
530	15	Quebradanegra	25592	13114
531	15	Quetame	25594	13115
532	15	Quipile	25596	13116
533	15	Apulo	25599	13349
534	15	Ricaurte	25612	13308
535	15	San Antonio Del Tequendama	25645	13119
536	15	San Bernardo 	25649	13311
537	15	San Cayetano 	25653	13121
538	15	San Francisco 	25658	13331
539	15	San Juan De Rioseco	25662	13123
540	15	Sasaima	25718	13124
541	15	Sesquilé	25736	13125
542	15	Sibaté	25740	13126
543	15	Silvania	25743	13127
544	15	Simijaca	25745	13128
545	15	Soacha	25754	13129
546	15	Sopó	25758	13130
547	15	Subachoque	25769	13131
548	15	Suesca	25772	13132
549	15	Supatá	25777	13133
550	15	Susa	25779	13134
551	15	Sutatausa	25781	13135
552	15	Tabio	25785	13136
553	15	Tausa	25793	13137
554	15	Tena	25797	13138
555	15	Tenjo	25799	13139
556	15	Tibacuy	25805	13140
557	15	Tibirita	25807	13141
558	15	Tocaima	25815	13142
559	15	Tocancipá	25817	13143
560	15	Topaipí	25823	13144
561	15	Ubalá	25839	13145
562	15	Ubaque	25841	13146
563	15	Villa De San Diego De Ubaté	25843	12652
564	15	Une	25845	13148
565	15	Útica	25851	13149
566	15	Vergara	25862	13150
567	15	Vianí	25867	13151
568	15	Villagómez	25871	13152
569	15	Villapinzón	25873	13153
570	15	Villeta	25875	13154
571	15	Viotá	25878	13155
572	15	Yacopí	25885	13156
573	15	Zipacón	25898	13157
574	15	Zipaquirá	25899	13158
575	13	Quibdó	27001	13006
576	13	Acandí	27006	12985
577	13	Alto Baudó 	27025	12986
578	13	Atrato	27050	12987
579	13	Bagadó	27073	12988
580	13	Bahía Solano 	27075	12989
581	13	Bajo Baudó 	27077	12990
582	13	Bojayá	27099	12991
583	13	El Cantón Del San Pablo 	27135	13237
584	13	Carmen Del Darién	27150	12993
585	13	Cértegui	27160	12994
586	13	Condoto	27205	12995
587	13	El Carmen De Atrato	27245	13388
588	13	El Litoral Del San Juan 	27250	12702
589	13	Istmina	27361	12997
590	13	Juradó	27372	12998
591	13	Lloró	27413	13000
592	13	Medio Atrato 	27425	13001
593	13	Medio Baudó 	27430	13002
594	13	Medio San Juan	27450	13003
595	13	Nóvita	27491	13004
596	13	Nuquí	27495	13005
597	13	Río Iró 	27580	13007
598	13	Río Quito 	27600	13008
599	13	Riosucio	27615	13009
600	13	San José Del Palmar	27660	13010
601	13	Sipí	27745	13011
602	13	Tadó	27787	13012
603	13	Unguía	27800	13013
604	13	Unión Panamericana 	27810	13014
605	18	Neiva	41001	13182
606	18	Acevedo	41006	13164
607	18	Agrado	41013	13165
608	18	Aipe	41016	13166
609	18	Algeciras	41020	13167
610	18	Altamira	41026	13168
611	18	Baraya	41078	13169
612	18	Campoalegre	41132	13170
613	18	Colombia	41206	13171
614	18	Elías	41244	13172
615	18	Garzón	41298	13173
616	18	Gigante	41306	13174
617	18	Guadalupe	41319	13400
618	18	Hobo	41349	13176
619	18	Íquira	41357	13177
620	18	Isnos	41359	13178
621	18	La Argentina 	41378	13179
622	18	La Plata 	41396	13180
623	18	Nátaga	41483	13181
624	18	Oporapa	41503	13183
625	18	Paicol	41518	13184
626	18	Palermo	41524	13185
627	18	Palestina	41530	13186
628	18	Pital	41548	13187
629	18	Pitalito	41551	13188
630	18	Rivera	41615	13189
631	18	Saladoblanco	41660	13190
632	18	San Agustín 	41668	13191
633	18	Santa María 	41676	13192
634	18	Suaza	41770	13193
635	18	Tarqui	41791	13194
636	18	Tesalia	41797	13197
637	18	Tello	41799	13195
638	18	Teruel	41801	13196
639	18	Timaná	41807	13198
640	18	Villavieja	41872	13199
641	18	Yaguará	41885	13200
642	19	Riohacha	44001	48428
643	19	Albania	44035	13364
644	19	Barrancas	44078	48419
645	19	Dibulla	44090	12573
646	19	Distracción	44098	12573
647	19	El Molino 	44110	12702
648	19	Fonseca	44279	13069
649	19	Hatonuevo	44378	12902
650	19	La Jagua Del Pilar	44420	12972
651	19	Maicao	44430	48426
652	19	Manaure	44560	12974
653	19	San Juan Del Cesar	44650	12626
654	19	Uribia	44847	48430
655	19	Urumita	44855	12647
656	19	Villanueva	44874	13448
657	20	Santa Marta 	47001	13226
658	20	Algarrobo	47030	13201
659	20	Aracataca	47053	13202
660	20	Ariguaní	47058	13203
661	20	Cerro De San Antonio	47161	13377
662	20	Chivolo	47170	13205
663	20	Ciénaga	47189	13206
664	20	Concordia	47205	13207
665	20	El Banco 	47245	13208
666	20	El Piñón 	47258	13209
667	20	El Retén 	47268	13210
668	20	Fundación	47288	13211
669	20	Guamal	47318	13212
670	20	Nueva Granada 	47460	13213
671	20	Pedraza	47541	13214
672	20	Pijiño Del Carmen	47545	13215
673	20	Pivijay	47551	13216
674	20	Plato	47555	13217
675	20	Puebloviejo	47570	13218
676	20	Remolino	47605	13219
677	20	Sabanas De San Ángel	47660	13220
678	20	Salamina	47675	13221
679	20	San Sebastián De Buenavista	47692	13222
680	20	San Zenón 	47703	13223
681	20	Santa Ana 	47707	13224
682	20	Santa Bárbara De Pinto	47720	13225
683	20	Sitionuevo	47745	13227
684	20	Tenerife	47798	13228
685	20	Zapayán	47960	13229
686	20	Zona Bananera 	47980	13230
687	21	Villavicencio	50001	13258
688	21	Acacías	50006	13231
689	21	Barranca De Upía	50110	13232
690	21	Cabuyaro	50124	13233
691	21	Castilla La Nueva	50150	13234
692	21	Cubarral	50223	13235
693	21	Cumaral	50226	13236
694	21	El Calvario 	50245	13237
695	21	El Castillo 	50251	13238
696	21	El Dorado 	50270	13239
697	21	Fuente De Oro	50287	13240
698	21	Granada	50313	13241
699	21	Guamal	50318	13242
700	21	Mapiripán	50325	13246
701	21	Mesetas	50330	13247
702	21	La Macarena 	50350	13243
703	21	Uribe	50370	12646
704	21	Lejanías	50400	13245
705	21	Puerto Concordia 	50450	13248
706	21	Puerto Gaitán 	50568	13249
707	21	Puerto López 	50573	13251
708	21	Puerto Lleras 	50577	13250
709	21	Puerto Rico 	50590	13252
710	21	Restrepo	50606	13253
711	21	San Carlos De Guaroa	50680	13254
712	21	San Juan De Arama	50683	13255
713	21	San Juanito 	50686	13256
714	21	San Martín 	50689	13257
715	21	Vistahermosa	50711	13259
716	22	Pasto	52001	13301
717	22	Albán	52019	13260
718	22	Aldana	52022	13261
719	22	Ancuyá	52036	13262
720	22	Arboleda	52051	13263
721	22	Barbacoas	52079	13264
722	22	Belén	52083	13265
723	22	Buesaco	52110	13266
724	22	Colón	52203	13324
725	22	Consacá	52207	13269
726	22	Contadero	52210	13270
727	22	Córdoba	52215	13341
728	22	Cuaspúd	52224	13272
729	22	Cumbal	52227	13273
730	22	Cumbitara	52233	13274
731	22	Chachagüí	52240	13267
732	22	El Charco 	52250	13275
733	22	El Peñol 	52254	13390
734	22	El Rosario 	52256	13277
735	22	El Tablón De Gómez	52258	13278
736	22	El Tambo 	52260	13279
737	22	Funes	52287	13280
738	22	Guachucal	52317	13281
739	22	Guaitarilla	52320	13282
740	22	Gualmatán	52323	13283
741	22	Iles	52352	13284
742	22	Imués	52354	13285
743	22	Ipiales	52356	13286
744	22	La Cruz 	52378	13287
745	22	La Florida 	52381	13288
746	22	La Llanada 	52385	13289
747	22	La Tola 	52390	13290
748	22	La Unión 	52399	13458
749	22	Leiva	52405	13292
750	22	Linares	52411	13293
751	22	Los Andes 	52418	13294
752	22	Magüí	52427	13295
753	22	Mallama	52435	13296
754	22	Mosquera	52473	13297
755	22	Nariño	52480	13298
756	22	Olaya Herrera 	52490	13299
757	22	Ospina	52506	13300
758	22	Francisco Pizarro 	52520	13070
759	22	Policarpa	52540	13303
760	22	Potosí	52560	13304
761	22	Providencia	52565	13305
762	22	Puerres	52573	13306
763	22	Pupiales	52585	13307
764	22	Ricaurte	52612	13308
765	22	Roberto Payán 	52621	13309
766	22	Samaniego	52678	13310
767	22	Sandoná	52683	13315
768	22	San Bernardo 	52685	13311
769	22	San Lorenzo 	52687	13312
770	22	San Pablo 	52693	13313
771	22	San Pedro De Cartago	52694	13314
772	22	Santa Bárbara 	52696	13437
773	22	Santacruz	52699	13317
774	22	Sapuyes	52720	13318
775	22	Taminango	52786	13319
776	22	Tangua	52788	13320
777	22	San Andrés De Tumaco	52835	13430
778	22	Túquerres	52838	13322
779	22	Yacuanquer	52885	13323
780	23	San José De Cúcuta	54001	48390
781	23	Ábrego	54003	48359
782	23	Arboledas	54051	13263
783	23	Bochalema	54099	12740
784	23	Bucarasica	54109	13371
785	23	Cácota	54125	13052
786	23	Cáchira	54128	13052
787	23	Chinácota	54172	12965
788	23	Chitagá	54174	12752
789	23	Convención	54206	13385
790	23	Cucutilla	54223	48368
791	23	Durania	54239	12764
792	23	El Carmen 	54245	13388
793	23	El Tarra 	54250	13279
794	23	El Zulia 	54261	13279
795	23	Gramalote	54313	12971
796	23	Hacarí	54344	13087
797	23	Herrán	54347	12588
798	23	Labateca	54377	13355
799	23	La Esperanza 	54385	12863
800	23	La Playa 	54398	13180
801	23	Los Patios 	54405	13459
802	23	Lourdes	54418	13411
803	23	Mutiscua	54480	12604
804	23	Ocaña	54498	48382
805	23	Pamplona	54518	13505
806	23	Pamplonita	54520	13505
807	23	Puerto Santander 	54553	13112
808	23	Ragonvalia	54599	13117
809	23	Salazar	54660	13221
810	23	San Calixto 	54670	13038
811	23	San Cayetano 	54673	13121
812	23	Santiago	54680	13333
813	23	Sardinata	54720	12663
814	23	Silos	54743	13334
815	23	Teorama	54800	12839
816	23	Tibú	54810	13141
817	23	Toledo	54820	12644
818	23	Villa Caro 	54871	12652
819	23	Villa Del Rosario	54874	12652
820	25	Armenia	63001	13337
821	25	Buenavista	63111	13450
822	25	Calarcá	63130	13339
823	25	Circasia	63190	13340
824	25	Córdoba	63212	13341
825	25	Filandia	63272	13342
826	25	Génova	63302	13343
827	25	La Tebaida 	63401	13344
828	25	Montenegro	63470	13345
829	25	Pijao	63548	13346
830	25	Quimbaya	63594	13347
831	25	Salento	63690	13348
832	26	Pereira	66001	13358
833	26	Apía	66045	13349
834	26	Balboa	66075	13350
835	26	Belén De Umbría	66088	13351
836	26	Dosquebradas	66170	13352
837	26	Guática	66318	13353
838	26	La Celia 	66383	13354
839	26	La Virginia 	66400	13355
840	26	Marsella	66440	13356
841	26	Mistrató	66456	13357
842	26	Pueblo Rico 	66572	13359
843	26	Quinchía	66594	13360
844	26	Santa Rosa De Cabal	66682	13361
845	26	Santuario	66687	13362
846	28	Bucaramanga	68001	13371
847	28	Aguada	68013	13363
848	28	Albania	68020	13364
849	28	Aratoca	68051	13365
850	28	Barbosa	68077	13366
851	28	Barichara	68079	13367
852	28	Barrancabermeja	68081	13368
853	28	Betulia	68092	13369
854	28	Bolívar	68101	13370
855	28	Cabrera	68121	13372
856	28	California	68132	13373
857	28	Capitanejo	68147	13374
858	28	Carcasí	68152	13375
859	28	Cepitá	68160	13376
860	28	Cerrito	68162	13377
861	28	Charalá	68167	13378
862	28	Charta	68169	13379
863	28	Chima	68176	13380
864	28	Chipatá	68179	13381
865	28	Cimitarra	68190	13382
866	28	Concepción	68207	13383
867	28	Confines	68209	13384
868	28	Contratación	68211	13385
869	28	Coromoro	68217	13386
870	28	Curití	68229	13387
871	28	El Carmen De Chucurí	68235	12701
872	28	El Guacamayo 	68245	13389
873	28	El Peñón 	68250	13390
874	28	El Playón 	68255	13391
875	28	Encino	68264	13392
876	28	Enciso	68266	13393
877	28	Florián	68271	13394
878	28	Floridablanca	68276	13395
879	28	Galán	68296	13396
880	28	Gámbita	68298	13397
881	28	Girón	68307	13398
882	28	Guaca	68318	13399
883	28	Guadalupe	68320	13400
884	28	Guapotá	68322	13401
885	28	Guavatá	68324	13402
886	28	Güepsa	68327	13403
887	28	Hato	68344	13404
888	28	Jesús María 	68368	13405
889	28	Jordán	68370	13406
890	28	La Belleza 	68377	13407
891	28	Landázuri	68385	13409
892	28	La Paz 	68397	13408
893	28	Lebrija	68406	13410
894	28	Los Santos 	68418	13411
895	28	Macaravita	68425	13412
896	28	Málaga	68432	13413
897	28	Matanza	68444	13414
898	28	Mogotes	68464	13415
899	28	Molagavita	68468	13416
900	28	Ocamonte	68498	13417
901	28	Oiba	68500	13418
902	28	Onzaga	68502	13419
903	28	Palmar	68522	13420
904	28	Palmas Del Socorro	68524	13421
905	28	Páramo	68533	13422
906	28	Piedecuesta	68547	13423
907	28	Pinchote	68549	13424
908	28	Puente Nacional 	68572	13425
909	28	Puerto Parra 	68573	13426
910	28	Puerto Wilches 	68575	13427
911	28	Rionegro	68615	13428
912	28	Sabana De Torres	68655	13429
913	28	San Andrés 	68669	13430
914	28	San Benito 	68673	13431
915	28	San Gil 	68679	13432
916	28	San Joaquín 	68682	13433
917	28	San José De Miranda	68684	13434
918	28	San Miguel 	68686	13435
919	28	San Vicente De Chucurí	68689	13436
920	28	Santa Bárbara 	68705	13437
921	28	Santa Helena Del Opón	68720	13438
922	28	Simacota	68745	13439
923	28	Socorro	68755	13440
924	28	Suaita	68770	13441
925	28	Sucre	68773	13472
926	28	Suratá	68780	13443
927	28	Tona	68820	13444
928	28	Valle De San José	68855	13042
929	28	Vélez	68861	13446
930	28	Vetas	68867	13447
931	28	Villanueva	68872	13448
932	28	Zapatoca	68895	13449
933	29	Sincelejo	70001	13471
934	29	Buenavista	70110	13450
935	29	Caimito	70124	13451
936	29	Colosó	70204	13453
937	29	Corozal	70215	13454
938	29	Coveñas	70221	48435
939	29	Chalán	70230	13452
940	29	El Roble 	70233	13455
941	29	Galeras	70235	13456
942	29	Guaranda	70265	13457
943	29	La Unión 	70400	13458
944	29	Los Palmitos 	70418	13459
945	29	Majagual	70429	13460
946	29	Morroa	70473	13461
947	29	Ovejas	70508	13462
948	29	Palmito	70523	13463
949	29	Sampués	70670	13464
950	29	San Benito Abad	70678	13465
951	29	San Juan De Betulia	70702	13466
952	29	San Marcos 	70708	13467
953	29	San Onofre 	70713	13468
954	29	San Pedro 	70717	13469
955	29	San Luis De Sincé	70742	48442
956	29	Sucre	70771	13472
957	29	Santiago De Tolú	70820	13333
958	29	Tolú Viejo 	70823	13473
959	30	Ibagué	73001	13496
960	30	Alpujarra	73024	13475
961	30	Alvarado	73026	13476
962	30	Ambalema	73030	13477
963	30	Anzoátegui	73043	13478
964	30	Armero	73055	13337
965	30	Ataco	73067	13479
966	30	Cajamarca	73124	13480
967	30	Carmen De Apicalá	73148	13481
968	30	Casabianca	73152	13482
969	30	Chaparral	73168	13483
970	30	Coello	73200	13484
971	30	Coyaima	73217	13485
972	30	Cunday	73226	13486
973	30	Dolores	73236	13487
974	30	Espinal	73268	13488
975	30	Falan	73270	13489
976	30	Flandes	73275	13490
977	30	Fresno	73283	13491
978	30	Guamo	73319	13492
979	30	Herveo	73347	13494
980	30	Honda	73349	13495
981	30	Icononzo	73352	13497
982	30	Lérida	73408	13498
983	30	Líbano	73411	13499
984	30	San Sebastián De Mariquita	73443	13222
985	30	Melgar	73449	13501
986	30	Murillo	73461	13502
987	30	Natagaima	73483	13503
988	30	Ortega	73504	13504
989	30	Palocabildo	73520	13505
990	30	Piedras	73547	13506
991	30	Planadas	73555	13507
992	30	Prado	73563	13508
993	30	Purificación	73585	13509
994	30	Rioblanco	73616	13510
995	30	Roncesvalles	73622	13511
996	30	Rovira	73624	13512
997	30	Saldaña	73671	13513
998	30	San Antonio 	73675	13514
999	30	San Luis 	73678	13515
1000	30	Santa Isabel 	73686	13516
1001	30	Suárez	73770	13517
1002	30	Valle De San Juan	73854	13518
1003	30	Venadillo	73861	13519
1004	30	Villahermosa	73870	13520
1005	30	Villarrica	73873	13521
1006	31	Cali	76001	48324
1007	31	Alcalá	76020	13364
1008	31	Andalucía	76036	13262
1009	31	Ansermanuevo	76041	12858
1010	31	Argelia	76054	12920
1011	31	Bolívar	76100	13370
1012	31	Buenaventura	76109	48320
1013	31	Guadalajara De Buga	76111	48321
1014	31	Bugalagrande	76113	48322
1015	31	Caicedonia	76122	48323
1016	31	Calima	76126	48325
1017	31	Candelaria	76130	12668
1018	31	Cartago	76147	12886
1019	31	Dagua	76233	12573
1020	31	El Águila 	76243	12575
1021	31	El Cairo 	76246	12928
1022	31	El Cerrito 	76248	48331
1023	31	El Dovio 	76250	13239
1024	31	Florida	76275	13394
1025	31	Ginebra	76306	13174
1026	31	Guacarí	76318	12772
1027	31	Jamundí	76364	48336
1028	31	La Cumbre 	76377	13287
1029	31	La Unión 	76400	13458
1030	31	La Victoria 	76403	12781
1031	31	Obando	76497	48340
1032	31	Palmira	76520	48341
1033	31	Pradera	76563	13304
1034	31	Restrepo	76606	13253
1035	31	Riofrío	76616	13510
1036	31	Roldanillo	76622	12979
1037	31	San Pedro 	76670	13469
1038	31	Sevilla	76736	13125
1039	31	Toro	76823	12957
1040	31	Trujillo	76828	12916
1041	31	Tuluá	76834	12686
1042	31	Ulloa	76845	13147
1043	31	Versalles	76863	13150
1044	31	Vijes	76869	12652
1045	31	Yotoco	76890	12918
1046	31	Yumbo	76892	48355
1047	31	Zarzal	76895	48356
1048	3	Arauca	81001	12658
1049	3	Arauquita	81065	12659
1050	3	Cravo Norte 	81220	12660
1051	3	Fortul	81300	12661
1052	3	Puerto Rondón 	81591	12662
1053	3	Saravena	81736	12663
1054	3	Tame	81794	12664
1055	10	Yopal	85001	12918
1056	10	Aguazul	85010	12900
1057	10	Chámeza	85015	12901
1058	10	Hato Corozal 	85125	12902
1059	10	La Salina 	85136	12903
1060	10	Maní	85139	12904
1061	10	Monterrey	85162	12905
1062	10	Nunchía	85225	12906
1063	10	Orocué	85230	12907
1064	10	Paz De Ariporo	85250	12908
1065	10	Pore	85263	12909
1066	10	Recetor	85279	12910
1067	10	Sabanalarga	85300	12911
1068	10	Sácama	85315	12912
1069	10	San Luis De Palenque	85325	12913
1070	10	Támara	85400	12914
1071	10	Tauramena	85410	12915
1072	10	Trinidad	85430	12916
1073	10	Villanueva	85440	13448
1074	24	Mocoa	86001	13325
1075	24	Colón	86219	13324
1076	24	Orito	86320	13326
1077	24	Puerto Asís 	86568	13327
1078	24	Puerto Caicedo 	86569	12806
1079	24	Puerto Guzmán 	86571	13329
1080	24	Puerto Leguízamo 	86573	13330
1081	24	Sibundoy	86749	13334
1082	24	San Francisco 	86755	13331
1083	24	San Miguel 	86757	13435
1084	24	Santiago	86760	13333
1085	24	Valle Del Guamuez	86865	13335
1086	24	Villagarzón	86885	13336
1087	27	San Andrés 	88001	48357
1088	27	Providencia	88564	48358
1089	1	Leticia	91001	12531
1090	1	El Encanto 	91263	13239
1091	1	La Chorrera 	91405	13354
1092	1	La Pedrera 	91407	13408
1093	1	La Victoria 	91430	12781
1094	1	Mirití - Paraná	91460	12938
1095	1	Puerto Alegría 	91530	13306
1096	1	Puerto Arica 	91536	13306
1097	1	Puerto Nariño 	91540	12532
1098	1	Puerto Santander 	91669	13112
1099	1	Tarapacá	91798	13525
1100	16	Inírida	94001	13159
1101	16	Barranco Minas 	94343	12694
1102	16	Mapiripana	94663	13246
1103	16	San Felipe 	94883	12716
1104	16	Puerto Colombia 	94884	12678
1105	16	La Guadalupe 	94885	12972
1106	16	Cacahual	94886	13233
1107	16	Pana Pana 	94887	13505
1108	16	Morichal	94888	12893
1109	17	San José Del Guaviare	95001	13163
1110	17	Calamar	95015	13160
1111	17	El Retorno 	95025	13161
1112	17	Miraflores	95200	13162
1113	32	Mitú	97001	13523
1114	32	Carurú	97161	12886
1115	32	Pacoa	97511	13107
1116	32	Taraira	97666	13525
1117	32	Papunahua	97777	12800
1118	32	Yavaraté	97889	13527
1119	33	Puerto Carreño 	99001	13530
1120	33	La Primavera 	99524	13529
1121	33	Santa Rosalía 	99624	13531
1122	33	Cumaribo	99773	13528
